Input_1,Input_2,Input_3,Input_4,Input_5,Input_6,Input_7,Input_8,Input_9,Input_10,Input_11,Input_12,Input_13,Input_14,Input_15,Input_16,Input_17,Input_18,Input_19,Input_20,Input_21,Input_22,Input_23,Input_24,Output
497.7534,677.8288,757.2689,672.6376,489.2158,390.0906,438.1327,550.5542,712.6650,793.0337,669.6761,434.1244,316.5456,323.9768,511.5776,608.0471,605.8247,471.0734,281.0943,212.4911,241.9041,400.8442,593.4348,647.4727,620.5196
677.8288,757.2689,672.6376,489.2158,390.0906,438.1327,550.5542,712.6650,793.0337,669.6761,434.1244,316.5456,323.9768,511.5776,608.0471,605.8247,471.0734,281.0943,212.4911,241.9041,400.8442,593.4348,647.4727,620.5196,456.7380
757.2689,672.6376,489.2158,390.0906,438.1327,550.5542,712.6650,793.0337,669.6761,434.1244,316.5456,323.9768,511.5776,608.0471,605.8247,471.0734,281.0943,212.4911,241.9041,400.8442,593.4348,647.4727,620.5196,456.7380,354.8550
672.6376,489.2158,390.0906,438.1327,550.5542,712.6650,793.0337,669.6761,434.1244,316.5456,323.9768,511.5776,608.0471,605.8247,471.0734,281.0943,212.4911,241.9041,400.8442,593.4348,647.4727,620.5196,456.7380,354.8550,443.9433
489.2158,390.0906,438.1327,550.5542,712.6650,793.0337,669.6761,434.1244,316.5456,323.9768,511.5776,608.0471,605.8247,471.0734,281.0943,212.4911,241.9041,400.8442,593.4348,647.4727,620.5196,456.7380,354.8550,443.9433,588.1499
390.0906,438.1327,550.5542,712.6650,793.0337,669.6761,434.1244,316.5456,323.9768,511.5776,608.0471,605.8247,471.0734,281.0943,212.4911,241.9041,400.8442,593.4348,647.4727,620.5196,456.7380,354.8550,443.9433,588.1499,735.7332
438.1327,550.5542,712.6650,793.0337,669.6761,434.1244,316.5456,323.9768,511.5776,608.0471,605.8247,471.0734,281.0943,212.4911,241.9041,400.8442,593.4348,647.4727,620.5196,456.7380,354.8550,443.9433,588.1499,735.7332,825.4481
550.5542,712.6650,793.0337,669.6761,434.1244,316.5456,323.9768,511.5776,608.0471,605.8247,471.0734,281.0943,212.4911,241.9041,400.8442,593.4348,647.4727,620.5196,456.7380,354.8550,443.9433,588.1499,735.7332,825.4481,694.1475
712.6650,793.0337,669.6761,434.1244,316.5456,323.9768,511.5776,608.0471,605.8247,471.0734,281.0943,212.4911,241.9041,400.8442,593.4348,647.4727,620.5196,456.7380,354.8550,443.9433,588.1499,735.7332,825.4481,694.1475,479.0809
793.0337,669.6761,434.1244,316.5456,323.9768,511.5776,608.0471,605.8247,471.0734,281.0943,212.4911,241.9041,400.8442,593.4348,647.4727,620.5196,456.7380,354.8550,443.9433,588.1499,735.7332,825.4481,694.1475,479.0809,371.9183
669.6761,434.1244,316.5456,323.9768,511.5776,608.0471,605.8247,471.0734,281.0943,212.4911,241.9041,400.8442,593.4348,647.4727,620.5196,456.7380,354.8550,443.9433,588.1499,735.7332,825.4481,694.1475,479.0809,371.9183,376.1213
434.1244,316.5456,323.9768,511.5776,608.0471,605.8247,471.0734,281.0943,212.4911,241.9041,400.8442,593.4348,647.4727,620.5196,456.7380,354.8550,443.9433,588.1499,735.7332,825.4481,694.1475,479.0809,371.9183,376.1213,498.2259
316.5456,323.9768,511.5776,608.0471,605.8247,471.0734,281.0943,212.4911,241.9041,400.8442,593.4348,647.4727,620.5196,456.7380,354.8550,443.9433,588.1499,735.7332,825.4481,694.1475,479.0809,371.9183,376.1213,498.2259,674.8898
323.9768,511.5776,608.0471,605.8247,471.0734,281.0943,212.4911,241.9041,400.8442,593.4348,647.4727,620.5196,456.7380,354.8550,443.9433,588.1499,735.7332,825.4481,694.1475,479.0809,371.9183,376.1213,498.2259,674.8898,707.2920
511.5776,608.0471,605.8247,471.0734,281.0943,212.4911,241.9041,400.8442,593.4348,647.4727,620.5196,456.7380,354.8550,443.9433,588.1499,735.7332,825.4481,694.1475,479.0809,371.9183,376.1213,498.2259,674.8898,707.2920,508.8054
608.0471,605.8247,471.0734,281.0943,212.4911,241.9041,400.8442,593.4348,647.4727,620.5196,456.7380,354.8550,443.9433,588.1499,735.7332,825.4481,694.1475,479.0809,371.9183,376.1213,498.2259,674.8898,707.2920,508.8054,353.7720
605.8247,471.0734,281.0943,212.4911,241.9041,400.8442,593.4348,647.4727,620.5196,456.7380,354.8550,443.9433,588.1499,735.7332,825.4481,694.1475,479.0809,371.9183,376.1213,498.2259,674.8898,707.2920,508.8054,353.7720,205.3990
471.0734,281.0943,212.4911,241.9041,400.8442,593.4348,647.4727,620.5196,456.7380,354.8550,443.9433,588.1499,735.7332,825.4481,694.1475,479.0809,371.9183,376.1213,498.2259,674.8898,707.2920,508.8054,353.7720,205.3990,237.2986
281.0943,212.4911,241.9041,400.8442,593.4348,647.4727,620.5196,456.7380,354.8550,443.9433,588.1499,735.7332,825.4481,694.1475,479.0809,371.9183,376.1213,498.2259,674.8898,707.2920,508.8054,353.7720,205.3990,237.2986,388.1521
212.4911,241.9041,400.8442,593.4348,647.4727,620.5196,456.7380,354.8550,443.9433,588.1499,735.7332,825.4481,694.1475,479.0809,371.9183,376.1213,498.2259,674.8898,707.2920,508.8054,353.7720,205.3990,237.2986,388.1521,542.4939
241.9041,400.8442,593.4348,647.4727,620.5196,456.7380,354.8550,443.9433,588.1499,735.7332,825.4481,694.1475,479.0809,371.9183,376.1213,498.2259,674.8898,707.2920,508.8054,353.7720,205.3990,237.2986,388.1521,542.4939,609.3535
400.8442,593.4348,647.4727,620.5196,456.7380,354.8550,443.9433,588.1499,735.7332,825.4481,694.1475,479.0809,371.9183,376.1213,498.2259,674.8898,707.2920,508.8054,353.7720,205.3990,237.2986,388.1521,542.4939,609.3535,499.4471
593.4348,647.4727,620.5196,456.7380,354.8550,443.9433,588.1499,735.7332,825.4481,694.1475,479.0809,371.9183,376.1213,498.2259,674.8898,707.2920,508.8054,353.7720,205.3990,237.2986,388.1521,542.4939,609.3535,499.4471,368.6324
647.4727,620.5196,456.7380,354.8550,443.9433,588.1499,735.7332,825.4481,694.1475,479.0809,371.9183,376.1213,498.2259,674.8898,707.2920,508.8054,353.7720,205.3990,237.2986,388.1521,542.4939,609.3535,499.4471,368.6324,278.1278
620.5196,456.7380,354.8550,443.9433,588.1499,735.7332,825.4481,694.1475,479.0809,371.9183,376.1213,498.2259,674.8898,707.2920,508.8054,353.7720,205.3990,237.2986,388.1521,542.4939,609.3535,499.4471,368.6324,278.1278,338.8547
456.7380,354.8550,443.9433,588.1499,735.7332,825.4481,694.1475,479.0809,371.9183,376.1213,498.2259,674.8898,707.2920,508.8054,353.7720,205.3990,237.2986,388.1521,542.4939,609.3535,499.4471,368.6324,278.1278,338.8547,507.7306
354.8550,443.9433,588.1499,735.7332,825.4481,694.1475,479.0809,371.9183,376.1213,498.2259,674.8898,707.2920,508.8054,353.7720,205.3990,237.2986,388.1521,542.4939,609.3535,499.4471,368.6324,278.1278,338.8547,507.7306,694.8309
443.9433,588.1499,735.7332,825.4481,694.1475,479.0809,371.9183,376.1213,498.2259,674.8898,707.2920,508.8054,353.7720,205.3990,237.2986,388.1521,542.4939,609.3535,499.4471,368.6324,278.1278,338.8547,507.7306,694.8309,780.8041
588.1499,735.7332,825.4481,694.1475,479.0809,371.9183,376.1213,498.2259,674.8898,707.2920,508.8054,353.7720,205.3990,237.2986,388.1521,542.4939,609.3535,499.4471,368.6324,278.1278,338.8547,507.7306,694.8309,780.8041,683.3976
735.7332,825.4481,694.1475,479.0809,371.9183,376.1213,498.2259,674.8898,707.2920,508.8054,353.7720,205.3990,237.2986,388.1521,542.4939,609.3535,499.4471,368.6324,278.1278,338.8547,507.7306,694.8309,780.8041,683.3976,490.2647
825.4481,694.1475,479.0809,371.9183,376.1213,498.2259,674.8898,707.2920,508.8054,353.7720,205.3990,237.2986,388.1521,542.4939,609.3535,499.4471,368.6324,278.1278,338.8547,507.7306,694.8309,780.8041,683.3976,490.2647,407.0011
694.1475,479.0809,371.9183,376.1213,498.2259,674.8898,707.2920,508.8054,353.7720,205.3990,237.2986,388.1521,542.4939,609.3535,499.4471,368.6324,278.1278,338.8547,507.7306,694.8309,780.8041,683.3976,490.2647,407.0011,455.2540
479.0809,371.9183,376.1213,498.2259,674.8898,707.2920,508.8054,353.7720,205.3990,237.2986,388.1521,542.4939,609.3535,499.4471,368.6324,278.1278,338.8547,507.7306,694.8309,780.8041,683.3976,490.2647,407.0011,455.2540,553.2144
371.9183,376.1213,498.2259,674.8898,707.2920,508.8054,353.7720,205.3990,237.2986,388.1521,542.4939,609.3535,499.4471,368.6324,278.1278,338.8547,507.7306,694.8309,780.8041,683.3976,490.2647,407.0011,455.2540,553.2144,737.9442
376.1213,498.2259,674.8898,707.2920,508.8054,353.7720,205.3990,237.2986,388.1521,542.4939,609.3535,499.4471,368.6324,278.1278,338.8547,507.7306,694.8309,780.8041,683.3976,490.2647,407.0011,455.2540,553.2144,737.9442,731.7331
498.2259,674.8898,707.2920,508.8054,353.7720,205.3990,237.2986,388.1521,542.4939,609.3535,499.4471,368.6324,278.1278,338.8547,507.7306,694.8309,780.8041,683.3976,490.2647,407.0011,455.2540,553.2144,737.9442,731.7331,624.0706
674.8898,707.2920,508.8054,353.7720,205.3990,237.2986,388.1521,542.4939,609.3535,499.4471,368.6324,278.1278,338.8547,507.7306,694.8309,780.8041,683.3976,490.2647,407.0011,455.2540,553.2144,737.9442,731.7331,624.0706,397.9581
707.2920,508.8054,353.7720,205.3990,237.2986,388.1521,542.4939,609.3535,499.4471,368.6324,278.1278,338.8547,507.7306,694.8309,780.8041,683.3976,490.2647,407.0011,455.2540,553.2144,737.9442,731.7331,624.0706,397.9581,243.0349
508.8054,353.7720,205.3990,237.2986,388.1521,542.4939,609.3535,499.4471,368.6324,278.1278,338.8547,507.7306,694.8309,780.8041,683.3976,490.2647,407.0011,455.2540,553.2144,737.9442,731.7331,624.0706,397.9581,243.0349,261.0829
353.7720,205.3990,237.2986,388.1521,542.4939,609.3535,499.4471,368.6324,278.1278,338.8547,507.7306,694.8309,780.8041,683.3976,490.2647,407.0011,455.2540,553.2144,737.9442,731.7331,624.0706,397.9581,243.0349,261.0829,430.2510
205.3990,237.2986,388.1521,542.4939,609.3535,499.4471,368.6324,278.1278,338.8547,507.7306,694.8309,780.8041,683.3976,490.2647,407.0011,455.2540,553.2144,737.9442,731.7331,624.0706,397.9581,243.0349,261.0829,430.2510,574.9582
237.2986,388.1521,542.4939,609.3535,499.4471,368.6324,278.1278,338.8547,507.7306,694.8309,780.8041,683.3976,490.2647,407.0011,455.2540,553.2144,737.9442,731.7331,624.0706,397.9581,243.0349,261.0829,430.2510,574.9582,580.3067
388.1521,542.4939,609.3535,499.4471,368.6324,278.1278,338.8547,507.7306,694.8309,780.8041,683.3976,490.2647,407.0011,455.2540,553.2144,737.9442,731.7331,624.0706,397.9581,243.0349,261.0829,430.2510,574.9582,580.3067,499.5486
542.4939,609.3535,499.4471,368.6324,278.1278,338.8547,507.7306,694.8309,780.8041,683.3976,490.2647,407.0011,455.2540,553.2144,737.9442,731.7331,624.0706,397.9581,243.0349,261.0829,430.2510,574.9582,580.3067,499.5486,283.4003
609.3535,499.4471,368.6324,278.1278,338.8547,507.7306,694.8309,780.8041,683.3976,490.2647,407.0011,455.2540,553.2144,737.9442,731.7331,624.0706,397.9581,243.0349,261.0829,430.2510,574.9582,580.3067,499.5486,283.4003,217.0903
499.4471,368.6324,278.1278,338.8547,507.7306,694.8309,780.8041,683.3976,490.2647,407.0011,455.2540,553.2144,737.9442,731.7331,624.0706,397.9581,243.0349,261.0829,430.2510,574.9582,580.3067,499.5486,283.4003,217.0903,248.7027
368.6324,278.1278,338.8547,507.7306,694.8309,780.8041,683.3976,490.2647,407.0011,455.2540,553.2144,737.9442,731.7331,624.0706,397.9581,243.0349,261.0829,430.2510,574.9582,580.3067,499.5486,283.4003,217.0903,248.7027,436.9633
278.1278,338.8547,507.7306,694.8309,780.8041,683.3976,490.2647,407.0011,455.2540,553.2144,737.9442,731.7331,624.0706,397.9581,243.0349,261.0829,430.2510,574.9582,580.3067,499.5486,283.4003,217.0903,248.7027,436.9633,631.4324
338.8547,507.7306,694.8309,780.8041,683.3976,490.2647,407.0011,455.2540,553.2144,737.9442,731.7331,624.0706,397.9581,243.0349,261.0829,430.2510,574.9582,580.3067,499.5486,283.4003,217.0903,248.7027,436.9633,631.4324,677.7773
507.7306,694.8309,780.8041,683.3976,490.2647,407.0011,455.2540,553.2144,737.9442,731.7331,624.0706,397.9581,243.0349,261.0829,430.2510,574.9582,580.3067,499.5486,283.4003,217.0903,248.7027,436.9633,631.4324,677.7773,604.9675
694.8309,780.8041,683.3976,490.2647,407.0011,455.2540,553.2144,737.9442,731.7331,624.0706,397.9581,243.0349,261.0829,430.2510,574.9582,580.3067,499.5486,283.4003,217.0903,248.7027,436.9633,631.4324,677.7773,604.9675,483.3491
780.8041,683.3976,490.2647,407.0011,455.2540,553.2144,737.9442,731.7331,624.0706,397.9581,243.0349,261.0829,430.2510,574.9582,580.3067,499.5486,283.4003,217.0903,248.7027,436.9633,631.4324,677.7773,604.9675,483.3491,364.1873
683.3976,490.2647,407.0011,455.2540,553.2144,737.9442,731.7331,624.0706,397.9581,243.0349,261.0829,430.2510,574.9582,580.3067,499.5486,283.4003,217.0903,248.7027,436.9633,631.4324,677.7773,604.9675,483.3491,364.1873,446.9501
490.2647,407.0011,455.2540,553.2144,737.9442,731.7331,624.0706,397.9581,243.0349,261.0829,430.2510,574.9582,580.3067,499.5486,283.4003,217.0903,248.7027,436.9633,631.4324,677.7773,604.9675,483.3491,364.1873,446.9501,573.9984
407.0011,455.2540,553.2144,737.9442,731.7331,624.0706,397.9581,243.0349,261.0829,430.2510,574.9582,580.3067,499.5486,283.4003,217.0903,248.7027,436.9633,631.4324,677.7773,604.9675,483.3491,364.1873,446.9501,573.9984,766.9624
455.2540,553.2144,737.9442,731.7331,624.0706,397.9581,243.0349,261.0829,430.2510,574.9582,580.3067,499.5486,283.4003,217.0903,248.7027,436.9633,631.4324,677.7773,604.9675,483.3491,364.1873,446.9501,573.9984,766.9624,820.4095
553.2144,737.9442,731.7331,624.0706,397.9581,243.0349,261.0829,430.2510,574.9582,580.3067,499.5486,283.4003,217.0903,248.7027,436.9633,631.4324,677.7773,604.9675,483.3491,364.1873,446.9501,573.9984,766.9624,820.4095,623.9464
737.9442,731.7331,624.0706,397.9581,243.0349,261.0829,430.2510,574.9582,580.3067,499.5486,283.4003,217.0903,248.7027,436.9633,631.4324,677.7773,604.9675,483.3491,364.1873,446.9501,573.9984,766.9624,820.4095,623.9464,467.9960
731.7331,624.0706,397.9581,243.0349,261.0829,430.2510,574.9582,580.3067,499.5486,283.4003,217.0903,248.7027,436.9633,631.4324,677.7773,604.9675,483.3491,364.1873,446.9501,573.9984,766.9624,820.4095,623.9464,467.9960,366.5559
624.0706,397.9581,243.0349,261.0829,430.2510,574.9582,580.3067,499.5486,283.4003,217.0903,248.7027,436.9633,631.4324,677.7773,604.9675,483.3491,364.1873,446.9501,573.9984,766.9624,820.4095,623.9464,467.9960,366.5559,365.4547
397.9581,243.0349,261.0829,430.2510,574.9582,580.3067,499.5486,283.4003,217.0903,248.7027,436.9633,631.4324,677.7773,604.9675,483.3491,364.1873,446.9501,573.9984,766.9624,820.4095,623.9464,467.9960,366.5559,365.4547,507.4229
243.0349,261.0829,430.2510,574.9582,580.3067,499.5486,283.4003,217.0903,248.7027,436.9633,631.4324,677.7773,604.9675,483.3491,364.1873,446.9501,573.9984,766.9624,820.4095,623.9464,467.9960,366.5559,365.4547,507.4229,618.4047
261.0829,430.2510,574.9582,580.3067,499.5486,283.4003,217.0903,248.7027,436.9633,631.4324,677.7773,604.9675,483.3491,364.1873,446.9501,573.9984,766.9624,820.4095,623.9464,467.9960,366.5559,365.4547,507.4229,618.4047,646.7174
430.2510,574.9582,580.3067,499.5486,283.4003,217.0903,248.7027,436.9633,631.4324,677.7773,604.9675,483.3491,364.1873,446.9501,573.9984,766.9624,820.4095,623.9464,467.9960,366.5559,365.4547,507.4229,618.4047,646.7174,512.9525
574.9582,580.3067,499.5486,283.4003,217.0903,248.7027,436.9633,631.4324,677.7773,604.9675,483.3491,364.1873,446.9501,573.9984,766.9624,820.4095,623.9464,467.9960,366.5559,365.4547,507.4229,618.4047,646.7174,512.9525,349.9764
580.3067,499.5486,283.4003,217.0903,248.7027,436.9633,631.4324,677.7773,604.9675,483.3491,364.1873,446.9501,573.9984,766.9624,820.4095,623.9464,467.9960,366.5559,365.4547,507.4229,618.4047,646.7174,512.9525,349.9764,213.5103
499.5486,283.4003,217.0903,248.7027,436.9633,631.4324,677.7773,604.9675,483.3491,364.1873,446.9501,573.9984,766.9624,820.4095,623.9464,467.9960,366.5559,365.4547,507.4229,618.4047,646.7174,512.9525,349.9764,213.5103,250.3858
283.4003,217.0903,248.7027,436.9633,631.4324,677.7773,604.9675,483.3491,364.1873,446.9501,573.9984,766.9624,820.4095,623.9464,467.9960,366.5559,365.4547,507.4229,618.4047,646.7174,512.9525,349.9764,213.5103,250.3858,395.1699
217.0903,248.7027,436.9633,631.4324,677.7773,604.9675,483.3491,364.1873,446.9501,573.9984,766.9624,820.4095,623.9464,467.9960,366.5559,365.4547,507.4229,618.4047,646.7174,512.9525,349.9764,213.5103,250.3858,395.1699,560.0116
248.7027,436.9633,631.4324,677.7773,604.9675,483.3491,364.1873,446.9501,573.9984,766.9624,820.4095,623.9464,467.9960,366.5559,365.4547,507.4229,618.4047,646.7174,512.9525,349.9764,213.5103,250.3858,395.1699,560.0116,615.6237
436.9633,631.4324,677.7773,604.9675,483.3491,364.1873,446.9501,573.9984,766.9624,820.4095,623.9464,467.9960,366.5559,365.4547,507.4229,618.4047,646.7174,512.9525,349.9764,213.5103,250.3858,395.1699,560.0116,615.6237,544.6658
631.4324,677.7773,604.9675,483.3491,364.1873,446.9501,573.9984,766.9624,820.4095,623.9464,467.9960,366.5559,365.4547,507.4229,618.4047,646.7174,512.9525,349.9764,213.5103,250.3858,395.1699,560.0116,615.6237,544.6658,378.9217
677.7773,604.9675,483.3491,364.1873,446.9501,573.9984,766.9624,820.4095,623.9464,467.9960,366.5559,365.4547,507.4229,618.4047,646.7174,512.9525,349.9764,213.5103,250.3858,395.1699,560.0116,615.6237,544.6658,378.9217,310.8099
604.9675,483.3491,364.1873,446.9501,573.9984,766.9624,820.4095,623.9464,467.9960,366.5559,365.4547,507.4229,618.4047,646.7174,512.9525,349.9764,213.5103,250.3858,395.1699,560.0116,615.6237,544.6658,378.9217,310.8099,411.0236
483.3491,364.1873,446.9501,573.9984,766.9624,820.4095,623.9464,467.9960,366.5559,365.4547,507.4229,618.4047,646.7174,512.9525,349.9764,213.5103,250.3858,395.1699,560.0116,615.6237,544.6658,378.9217,310.8099,411.0236,567.4225
364.1873,446.9501,573.9984,766.9624,820.4095,623.9464,467.9960,366.5559,365.4547,507.4229,618.4047,646.7174,512.9525,349.9764,213.5103,250.3858,395.1699,560.0116,615.6237,544.6658,378.9217,310.8099,411.0236,567.4225,720.5565
446.9501,573.9984,766.9624,820.4095,623.9464,467.9960,366.5559,365.4547,507.4229,618.4047,646.7174,512.9525,349.9764,213.5103,250.3858,395.1699,560.0116,615.6237,544.6658,378.9217,310.8099,411.0236,567.4225,720.5565,805.6124
573.9984,766.9624,820.4095,623.9464,467.9960,366.5559,365.4547,507.4229,618.4047,646.7174,512.9525,349.9764,213.5103,250.3858,395.1699,560.0116,615.6237,544.6658,378.9217,310.8099,411.0236,567.4225,720.5565,805.6124,675.2078
766.9624,820.4095,623.9464,467.9960,366.5559,365.4547,507.4229,618.4047,646.7174,512.9525,349.9764,213.5103,250.3858,395.1699,560.0116,615.6237,544.6658,378.9217,310.8099,411.0236,567.4225,720.5565,805.6124,675.2078,472.4608
820.4095,623.9464,467.9960,366.5559,365.4547,507.4229,618.4047,646.7174,512.9525,349.9764,213.5103,250.3858,395.1699,560.0116,615.6237,544.6658,378.9217,310.8099,411.0236,567.4225,720.5565,805.6124,675.2078,472.4608,381.4453
623.9464,467.9960,366.5559,365.4547,507.4229,618.4047,646.7174,512.9525,349.9764,213.5103,250.3858,395.1699,560.0116,615.6237,544.6658,378.9217,310.8099,411.0236,567.4225,720.5565,805.6124,675.2078,472.4608,381.4453,392.8204
467.9960,366.5559,365.4547,507.4229,618.4047,646.7174,512.9525,349.9764,213.5103,250.3858,395.1699,560.0116,615.6237,544.6658,378.9217,310.8099,411.0236,567.4225,720.5565,805.6124,675.2078,472.4608,381.4453,392.8204,563.6804
366.5559,365.4547,507.4229,618.4047,646.7174,512.9525,349.9764,213.5103,250.3858,395.1699,560.0116,615.6237,544.6658,378.9217,310.8099,411.0236,567.4225,720.5565,805.6124,675.2078,472.4608,381.4453,392.8204,563.6804,706.7347
365.4547,507.4229,618.4047,646.7174,512.9525,349.9764,213.5103,250.3858,395.1699,560.0116,615.6237,544.6658,378.9217,310.8099,411.0236,567.4225,720.5565,805.6124,675.2078,472.4608,381.4453,392.8204,563.6804,706.7347,754.3962
507.4229,618.4047,646.7174,512.9525,349.9764,213.5103,250.3858,395.1699,560.0116,615.6237,544.6658,378.9217,310.8099,411.0236,567.4225,720.5565,805.6124,675.2078,472.4608,381.4453,392.8204,563.6804,706.7347,754.3962,593.3153
618.4047,646.7174,512.9525,349.9764,213.5103,250.3858,395.1699,560.0116,615.6237,544.6658,378.9217,310.8099,411.0236,567.4225,720.5565,805.6124,675.2078,472.4608,381.4453,392.8204,563.6804,706.7347,754.3962,593.3153,382.9593
646.7174,512.9525,349.9764,213.5103,250.3858,395.1699,560.0116,615.6237,544.6658,378.9217,310.8099,411.0236,567.4225,720.5565,805.6124,675.2078,472.4608,381.4453,392.8204,563.6804,706.7347,754.3962,593.3153,382.9593,271.6025
512.9525,349.9764,213.5103,250.3858,395.1699,560.0116,615.6237,544.6658,378.9217,310.8099,411.0236,567.4225,720.5565,805.6124,675.2078,472.4608,381.4453,392.8204,563.6804,706.7347,754.3962,593.3153,382.9593,271.6025,228.7003
349.9764,213.5103,250.3858,395.1699,560.0116,615.6237,544.6658,378.9217,310.8099,411.0236,567.4225,720.5565,805.6124,675.2078,472.4608,381.4453,392.8204,563.6804,706.7347,754.3962,593.3153,382.9593,271.6025,228.7003,418.1098
213.5103,250.3858,395.1699,560.0116,615.6237,544.6658,378.9217,310.8099,411.0236,567.4225,720.5565,805.6124,675.2078,472.4608,381.4453,392.8204,563.6804,706.7347,754.3962,593.3153,382.9593,271.6025,228.7003,418.1098,575.1910
250.3858,395.1699,560.0116,615.6237,544.6658,378.9217,310.8099,411.0236,567.4225,720.5565,805.6124,675.2078,472.4608,381.4453,392.8204,563.6804,706.7347,754.3962,593.3153,382.9593,271.6025,228.7003,418.1098,575.1910,565.4139
395.1699,560.0116,615.6237,544.6658,378.9217,310.8099,411.0236,567.4225,720.5565,805.6124,675.2078,472.4608,381.4453,392.8204,563.6804,706.7347,754.3962,593.3153,382.9593,271.6025,228.7003,418.1098,575.1910,565.4139,513.0592
560.0116,615.6237,544.6658,378.9217,310.8099,411.0236,567.4225,720.5565,805.6124,675.2078,472.4608,381.4453,392.8204,563.6804,706.7347,754.3962,593.3153,382.9593,271.6025,228.7003,418.1098,575.1910,565.4139,513.0592,333.3906
615.6237,544.6658,378.9217,310.8099,411.0236,567.4225,720.5565,805.6124,675.2078,472.4608,381.4453,392.8204,563.6804,706.7347,754.3962,593.3153,382.9593,271.6025,228.7003,418.1098,575.1910,565.4139,513.0592,333.3906,225.9980
544.6658,378.9217,310.8099,411.0236,567.4225,720.5565,805.6124,675.2078,472.4608,381.4453,392.8204,563.6804,706.7347,754.3962,593.3153,382.9593,271.6025,228.7003,418.1098,575.1910,565.4139,513.0592,333.3906,225.9980,306.2893
378.9217,310.8099,411.0236,567.4225,720.5565,805.6124,675.2078,472.4608,381.4453,392.8204,563.6804,706.7347,754.3962,593.3153,382.9593,271.6025,228.7003,418.1098,575.1910,565.4139,513.0592,333.3906,225.9980,306.2893,519.5320
310.8099,411.0236,567.4225,720.5565,805.6124,675.2078,472.4608,381.4453,392.8204,563.6804,706.7347,754.3962,593.3153,382.9593,271.6025,228.7003,418.1098,575.1910,565.4139,513.0592,333.3906,225.9980,306.2893,519.5320,660.0036
411.0236,567.4225,720.5565,805.6124,675.2078,472.4608,381.4453,392.8204,563.6804,706.7347,754.3962,593.3153,382.9593,271.6025,228.7003,418.1098,575.1910,565.4139,513.0592,333.3906,225.9980,306.2893,519.5320,660.0036,725.8319
567.4225,720.5565,805.6124,675.2078,472.4608,381.4453,392.8204,563.6804,706.7347,754.3962,593.3153,382.9593,271.6025,228.7003,418.1098,575.1910,565.4139,513.0592,333.3906,225.9980,306.2893,519.5320,660.0036,725.8319,627.5895
720.5565,805.6124,675.2078,472.4608,381.4453,392.8204,563.6804,706.7347,754.3962,593.3153,382.9593,271.6025,228.7003,418.1098,575.1910,565.4139,513.0592,333.3906,225.9980,306.2893,519.5320,660.0036,725.8319,627.5895,466.9370
805.6124,675.2078,472.4608,381.4453,392.8204,563.6804,706.7347,754.3962,593.3153,382.9593,271.6025,228.7003,418.1098,575.1910,565.4139,513.0592,333.3906,225.9980,306.2893,519.5320,660.0036,725.8319,627.5895,466.9370,408.2237
675.2078,472.4608,381.4453,392.8204,563.6804,706.7347,754.3962,593.3153,382.9593,271.6025,228.7003,418.1098,575.1910,565.4139,513.0592,333.3906,225.9980,306.2893,519.5320,660.0036,725.8319,627.5895,466.9370,408.2237,423.1046
472.4608,381.4453,392.8204,563.6804,706.7347,754.3962,593.3153,382.9593,271.6025,228.7003,418.1098,575.1910,565.4139,513.0592,333.3906,225.9980,306.2893,519.5320,660.0036,725.8319,627.5895,466.9370,408.2237,423.1046,601.4313
381.4453,392.8204,563.6804,706.7347,754.3962,593.3153,382.9593,271.6025,228.7003,418.1098,575.1910,565.4139,513.0592,333.3906,225.9980,306.2893,519.5320,660.0036,725.8319,627.5895,466.9370,408.2237,423.1046,601.4313,743.4057
392.8204,563.6804,706.7347,754.3962,593.3153,382.9593,271.6025,228.7003,418.1098,575.1910,565.4139,513.0592,333.3906,225.9980,306.2893,519.5320,660.0036,725.8319,627.5895,466.9370,408.2237,423.1046,601.4313,743.4057,791.1677
563.6804,706.7347,754.3962,593.3153,382.9593,271.6025,228.7003,418.1098,575.1910,565.4139,513.0592,333.3906,225.9980,306.2893,519.5320,660.0036,725.8319,627.5895,466.9370,408.2237,423.1046,601.4313,743.4057,791.1677,664.1607
706.7347,754.3962,593.3153,382.9593,271.6025,228.7003,418.1098,575.1910,565.4139,513.0592,333.3906,225.9980,306.2893,519.5320,660.0036,725.8319,627.5895,466.9370,408.2237,423.1046,601.4313,743.4057,791.1677,664.1607,483.9741
754.3962,593.3153,382.9593,271.6025,228.7003,418.1098,575.1910,565.4139,513.0592,333.3906,225.9980,306.2893,519.5320,660.0036,725.8319,627.5895,466.9370,408.2237,423.1046,601.4313,743.4057,791.1677,664.1607,483.9741,320.6960
593.3153,382.9593,271.6025,228.7003,418.1098,575.1910,565.4139,513.0592,333.3906,225.9980,306.2893,519.5320,660.0036,725.8319,627.5895,466.9370,408.2237,423.1046,601.4313,743.4057,791.1677,664.1607,483.9741,320.6960,338.2362
382.9593,271.6025,228.7003,418.1098,575.1910,565.4139,513.0592,333.3906,225.9980,306.2893,519.5320,660.0036,725.8319,627.5895,466.9370,408.2237,423.1046,601.4313,743.4057,791.1677,664.1607,483.9741,320.6960,338.2362,454.5428
271.6025,228.7003,418.1098,575.1910,565.4139,513.0592,333.3906,225.9980,306.2893,519.5320,660.0036,725.8319,627.5895,466.9370,408.2237,423.1046,601.4313,743.4057,791.1677,664.1607,483.9741,320.6960,338.2362,454.5428,597.4804
228.7003,418.1098,575.1910,565.4139,513.0592,333.3906,225.9980,306.2893,519.5320,660.0036,725.8319,627.5895,466.9370,408.2237,423.1046,601.4313,743.4057,791.1677,664.1607,483.9741,320.6960,338.2362,454.5428,597.4804,631.8209
418.1098,575.1910,565.4139,513.0592,333.3906,225.9980,306.2893,519.5320,660.0036,725.8319,627.5895,466.9370,408.2237,423.1046,601.4313,743.4057,791.1677,664.1607,483.9741,320.6960,338.2362,454.5428,597.4804,631.8209,515.3140
575.1910,565.4139,513.0592,333.3906,225.9980,306.2893,519.5320,660.0036,725.8319,627.5895,466.9370,408.2237,423.1046,601.4313,743.4057,791.1677,664.1607,483.9741,320.6960,338.2362,454.5428,597.4804,631.8209,515.3140,298.1874
565.4139,513.0592,333.3906,225.9980,306.2893,519.5320,660.0036,725.8319,627.5895,466.9370,408.2237,423.1046,601.4313,743.4057,791.1677,664.1607,483.9741,320.6960,338.2362,454.5428,597.4804,631.8209,515.3140,298.1874,222.4065
513.0592,333.3906,225.9980,306.2893,519.5320,660.0036,725.8319,627.5895,466.9370,408.2237,423.1046,601.4313,743.4057,791.1677,664.1607,483.9741,320.6960,338.2362,454.5428,597.4804,631.8209,515.3140,298.1874,222.4065,274.1539
333.3906,225.9980,306.2893,519.5320,660.0036,725.8319,627.5895,466.9370,408.2237,423.1046,601.4313,743.4057,791.1677,664.1607,483.9741,320.6960,338.2362,454.5428,597.4804,631.8209,515.3140,298.1874,222.4065,274.1539,421.6662
225.9980,306.2893,519.5320,660.0036,725.8319,627.5895,466.9370,408.2237,423.1046,601.4313,743.4057,791.1677,664.1607,483.9741,320.6960,338.2362,454.5428,597.4804,631.8209,515.3140,298.1874,222.4065,274.1539,421.6662,623.1915
306.2893,519.5320,660.0036,725.8319,627.5895,466.9370,408.2237,423.1046,601.4313,743.4057,791.1677,664.1607,483.9741,320.6960,338.2362,454.5428,597.4804,631.8209,515.3140,298.1874,222.4065,274.1539,421.6662,623.1915,629.5098
519.5320,660.0036,725.8319,627.5895,466.9370,408.2237,423.1046,601.4313,743.4057,791.1677,664.1607,483.9741,320.6960,338.2362,454.5428,597.4804,631.8209,515.3140,298.1874,222.4065,274.1539,421.6662,623.1915,629.5098,536.0017
660.0036,725.8319,627.5895,466.9370,408.2237,423.1046,601.4313,743.4057,791.1677,664.1607,483.9741,320.6960,338.2362,454.5428,597.4804,631.8209,515.3140,298.1874,222.4065,274.1539,421.6662,623.1915,629.5098,536.0017,377.6488
725.8319,627.5895,466.9370,408.2237,423.1046,601.4313,743.4057,791.1677,664.1607,483.9741,320.6960,338.2362,454.5428,597.4804,631.8209,515.3140,298.1874,222.4065,274.1539,421.6662,623.1915,629.5098,536.0017,377.6488,360.8172
627.5895,466.9370,408.2237,423.1046,601.4313,743.4057,791.1677,664.1607,483.9741,320.6960,338.2362,454.5428,597.4804,631.8209,515.3140,298.1874,222.4065,274.1539,421.6662,623.1915,629.5098,536.0017,377.6488,360.8172,406.7210
466.9370,408.2237,423.1046,601.4313,743.4057,791.1677,664.1607,483.9741,320.6960,338.2362,454.5428,597.4804,631.8209,515.3140,298.1874,222.4065,274.1539,421.6662,623.1915,629.5098,536.0017,377.6488,360.8172,406.7210,569.5990
408.2237,423.1046,601.4313,743.4057,791.1677,664.1607,483.9741,320.6960,338.2362,454.5428,597.4804,631.8209,515.3140,298.1874,222.4065,274.1539,421.6662,623.1915,629.5098,536.0017,377.6488,360.8172,406.7210,569.5990,748.5682
423.1046,601.4313,743.4057,791.1677,664.1607,483.9741,320.6960,338.2362,454.5428,597.4804,631.8209,515.3140,298.1874,222.4065,274.1539,421.6662,623.1915,629.5098,536.0017,377.6488,360.8172,406.7210,569.5990,748.5682,769.0684
601.4313,743.4057,791.1677,664.1607,483.9741,320.6960,338.2362,454.5428,597.4804,631.8209,515.3140,298.1874,222.4065,274.1539,421.6662,623.1915,629.5098,536.0017,377.6488,360.8172,406.7210,569.5990,748.5682,769.0684,735.6918
743.4057,791.1677,664.1607,483.9741,320.6960,338.2362,454.5428,597.4804,631.8209,515.3140,298.1874,222.4065,274.1539,421.6662,623.1915,629.5098,536.0017,377.6488,360.8172,406.7210,569.5990,748.5682,769.0684,735.6918,512.4003
791.1677,664.1607,483.9741,320.6960,338.2362,454.5428,597.4804,631.8209,515.3140,298.1874,222.4065,274.1539,421.6662,623.1915,629.5098,536.0017,377.6488,360.8172,406.7210,569.5990,748.5682,769.0684,735.6918,512.4003,393.8049
664.1607,483.9741,320.6960,338.2362,454.5428,597.4804,631.8209,515.3140,298.1874,222.4065,274.1539,421.6662,623.1915,629.5098,536.0017,377.6488,360.8172,406.7210,569.5990,748.5682,769.0684,735.6918,512.4003,393.8049,428.8597
483.9741,320.6960,338.2362,454.5428,597.4804,631.8209,515.3140,298.1874,222.4065,274.1539,421.6662,623.1915,629.5098,536.0017,377.6488,360.8172,406.7210,569.5990,748.5682,769.0684,735.6918,512.4003,393.8049,428.8597,559.6202
320.6960,338.2362,454.5428,597.4804,631.8209,515.3140,298.1874,222.4065,274.1539,421.6662,623.1915,629.5098,536.0017,377.6488,360.8172,406.7210,569.5990,748.5682,769.0684,735.6918,512.4003,393.8049,428.8597,559.6202,686.7259
338.2362,454.5428,597.4804,631.8209,515.3140,298.1874,222.4065,274.1539,421.6662,623.1915,629.5098,536.0017,377.6488,360.8172,406.7210,569.5990,748.5682,769.0684,735.6918,512.4003,393.8049,428.8597,559.6202,686.7259,679.1761
454.5428,597.4804,631.8209,515.3140,298.1874,222.4065,274.1539,421.6662,623.1915,629.5098,536.0017,377.6488,360.8172,406.7210,569.5990,748.5682,769.0684,735.6918,512.4003,393.8049,428.8597,559.6202,686.7259,679.1761,570.3242
597.4804,631.8209,515.3140,298.1874,222.4065,274.1539,421.6662,623.1915,629.5098,536.0017,377.6488,360.8172,406.7210,569.5990,748.5682,769.0684,735.6918,512.4003,393.8049,428.8597,559.6202,686.7259,679.1761,570.3242,400.8637
631.8209,515.3140,298.1874,222.4065,274.1539,421.6662,623.1915,629.5098,536.0017,377.6488,360.8172,406.7210,569.5990,748.5682,769.0684,735.6918,512.4003,393.8049,428.8597,559.6202,686.7259,679.1761,570.3242,400.8637,261.2121
515.3140,298.1874,222.4065,274.1539,421.6662,623.1915,629.5098,536.0017,377.6488,360.8172,406.7210,569.5990,748.5682,769.0684,735.6918,512.4003,393.8049,428.8597,559.6202,686.7259,679.1761,570.3242,400.8637,261.2121,288.8949
298.1874,222.4065,274.1539,421.6662,623.1915,629.5098,536.0017,377.6488,360.8172,406.7210,569.5990,748.5682,769.0684,735.6918,512.4003,393.8049,428.8597,559.6202,686.7259,679.1761,570.3242,400.8637,261.2121,288.8949,393.1831
222.4065,274.1539,421.6662,623.1915,629.5098,536.0017,377.6488,360.8172,406.7210,569.5990,748.5682,769.0684,735.6918,512.4003,393.8049,428.8597,559.6202,686.7259,679.1761,570.3242,400.8637,261.2121,288.8949,393.1831,536.5742
274.1539,421.6662,623.1915,629.5098,536.0017,377.6488,360.8172,406.7210,569.5990,748.5682,769.0684,735.6918,512.4003,393.8049,428.8597,559.6202,686.7259,679.1761,570.3242,400.8637,261.2121,288.8949,393.1831,536.5742,595.8773
421.6662,623.1915,629.5098,536.0017,377.6488,360.8172,406.7210,569.5990,748.5682,769.0684,735.6918,512.4003,393.8049,428.8597,559.6202,686.7259,679.1761,570.3242,400.8637,261.2121,288.8949,393.1831,536.5742,595.8773,501.2887
623.1915,629.5098,536.0017,377.6488,360.8172,406.7210,569.5990,748.5682,769.0684,735.6918,512.4003,393.8049,428.8597,559.6202,686.7259,679.1761,570.3242,400.8637,261.2121,288.8949,393.1831,536.5742,595.8773,501.2887,364.3964
629.5098,536.0017,377.6488,360.8172,406.7210,569.5990,748.5682,769.0684,735.6918,512.4003,393.8049,428.8597,559.6202,686.7259,679.1761,570.3242,400.8637,261.2121,288.8949,393.1831,536.5742,595.8773,501.2887,364.3964,221.1651
536.0017,377.6488,360.8172,406.7210,569.5990,748.5682,769.0684,735.6918,512.4003,393.8049,428.8597,559.6202,686.7259,679.1761,570.3242,400.8637,261.2121,288.8949,393.1831,536.5742,595.8773,501.2887,364.3964,221.1651,348.3428
